index,image_path,raw_text
0,1000268201_693b08cb0e.jpg,A child in a pink dress is climbing up a set of stairs in an entry way 
1,1001773457_577c3a7d70.jpg,A black dog and a spotted dog are fighting 
2,1002674143_1b742ab4b8.jpg,A little girl covered in paint sits in front of a painted rainbow with her hands in a bowl 
3,1003163366_44323f5815.jpg,A man lays on a bench while his dog sits by him 
4,1007129816_e794419615.jpg,A man in an orange hat starring at something 
5,1007320043_627395c3d8.jpg,A child playing on a rope net 
6,1009434119_febe49276a.jpg,A black and white dog is running in a grassy garden surrounded by a white fence 
7,1012212859_01547e3f17.jpg,"A dog shakes its head near the shore , a red ball next to it "
8,1015118661_980735411b.jpg,A boy smiles in front of a stony wall in a city 
9,1015584366_dfcec3c85a.jpg,A black dog leaps over a log 
10,101654506_8eb26cfb60.jpg,A brown and white dog is running through the snow 
11,101669240_b2d3e7f17b.jpg,A man in a hat is displaying pictures next to a skier in a blue hat 
12,1016887272_03199f49c4.jpg,A collage of one person climbing a cliff 
13,1019077836_6fc9b15408.jpg,A brown dog chases the water from a sprinkler on a lawn 
14,1019604187_d087bf9a5f.jpg,A dog prepares to catch a thrown object in a field with nearby cars 
15,1020651753_06077ec457.jpg,a black and white dog jumping in the air to get a toy 
16,1022454332_6af2c1449a.jpg,A child and a woman are at waters edge in a big city 
17,1022454428_b6b660a67b.jpg,"A couple and an infant , being held by the male , sitting next to a pond with a near by stroller "
18,1022975728_75515238d8.jpg,A black dog running in the surf 
19,102351840_323e3de834.jpg,A man drilling a hole in the ice 
20,1024138940_f1fefbdce1.jpg,Two different breeds of brown and white dogs play on the beach 
21,102455176_5f8ead62d5.jpg,A man uses ice picks and crampons to scale ice 
22,1026685415_0431cbf574.jpg,A black dog carries a green toy in his mouth as he walks through the grass 
23,1028205764_7e8df9a2ea.jpg,A man and a baby are in a yellow kayak on water 
24,1030985833_b0902ea560.jpg,A black dog and a brown dog are jumping up to catch a red toy 
25,103106960_e8a41d64f8.jpg,A boy with a stick kneeling in front of a goalie net 
26,103195344_5d2dc613a3.jpg,A man in black is sitting next to a modern art structure in front of a glass building 
27,103205630_682ca7285b.jpg,A tent is being set up on the ice 
28,1032122270_ea6f0beedb.jpg,A woman crouches near three dogs in a field 
29,1032460886_4a598ed535.jpg,a man is standing in front of a skyscraper 
30,1034276567_49bb87c51c.jpg,A boy bites hard into a treat while he sits outside 
31,104136873_5b5d41be75.jpg,People sit on the mountainside and check out the view 
32,1042020065_fb3d3ba5ba.jpg,A boy in a green shirt is looking down at many inflatable boats 
33,1042590306_95dea0916c.jpg,A man and woman pose for the camera while another man looks on 
34,1045521051_108ebc19be.jpg,A person eats takeout while watching a small television 
35,1048710776_bb5b0a5c7c.jpg,a couple of several people sitting on a ledge overlooking the beach 
36,1052358063_eae6744153.jpg,A boy takes a jump on his skateboard while another boy with a skateboard watches 
37,105342180_4d4a40b47f.jpg,"A girl paddling down a large river , as seen from behind her "
38,1053804096_ad278b25f1.jpg,A girl in pigtails splashes in the shallow water 
39,1055623002_8195a43714.jpg,A group of four children wearing pajamas have a pillow fight 
40,1055753357_4fa3d8d693.jpg,Two constructions workers sit on a beam taking a break 
41,1056249424_ef2a2e041c.jpg,The children are playing in the water 
42,1056338697_4f7d7ce270.jpg,A blond woman in a blue shirt appears to wait for a ride 
43,1056359656_662cee0814.jpg,A little girl looking at a brochure on train rides 
44,1056873310_49c665eb22.jpg,A brown dog is running after a black dog on a rocky shore 
45,1057089366_ca83da0877.jpg,A boy descends off the end of a high diving board 
46,1057210460_09c6f4c6c1.jpg,A guy stands by a window taking his overshirt off 
47,1057251835_6ded4ada9c.jpg,A light-colored dog runs on the beach 
48,106490881_5a2dd9b7bd.jpg,A boy in his blue swim shorts at the beach 
49,106514190_bae200f463.jpg,A hiker standing high on a bluff overlooking the mountains below 
50,1067180831_a59dc64344.jpg,A black and white dog is attempting to catch a yellow and purple object in a low cut yard 
51,1067675215_7336a694d6.jpg,A man in blue shorts is laying in the street 
52,1067790824_f3cc97239b.jpg,A white and black dog and a brown dog in sandy terrain 
53,1072153132_53d2bb1b60.jpg,A black and white dog catches a toy in midair 
54,107318069_e9f2ef32de.jpg,A crowd watching air balloons at night 
55,1075716537_62105738b4.jpg,A child with a helmet on his head rides a bike 
56,107582366_d86f2d3347.jpg,A group of eight people are gathered around a table at night 
57,1075867198_27ca2e7efe.jpg,A man in a brown shirt and dark shorts plays on the beach with his two black dogs 
58,1075881101_d55c46bece.jpg,a boy cleans the bubbles off his face 
59,1077546505_a4f6c4daa9.jpg,A boy in blue shorts slides down a slide into a pool 
60,1077931201_1e0bb83105.jpg,A man in a wetsuit is throwing a baby wearing a wetsuit up into the air 
61,1079274291_9aaf896cc1.jpg,A little boy sticks his tongue out for the camera 
62,10815824_2997e03d76.jpg,A blonde horse and a blonde girl in a black sweatshirt are staring at a fire in a barrel 
63,1082252566_8c79beef93.jpg,"A bulldog , a sheep dog , and a boxer standing in a yard "
64,1082379191_ec1e53f996.jpg,A lady and a man with no shirt sit on a dock 
65,1084040636_97d9633581.jpg,A closeup of a white dog that is laying its head on its paws 
66,1084104085_3b06223afe.jpg,a woman in a yellow shirt and green shorts is climbing an artificial red wall whilst wearing a safety harness 
67,1087168168_70280d024a.jpg,A boy is jumping on an inflatable ring and a girl is watching him 
68,1087539207_9f77ab3aaf.jpg,A family playing on a tractor on a beautiful day 
69,1088767354_2acee738cf.jpg,A woman in a red costume to the left of a man and woman standing together 
70,108898978_7713be88fc.jpg,Skiiers walking up the hill through a forest 
71,108899015_bf36131a57.jpg,A lone skier is making their way up a mountain 
72,1089181217_ee1167f7af.jpg,a brown dog running down a paved pathway 
73,1089755335_0bfbfd30e6.jpg,A mother and children is fishing on a boardwalk at night 
74,109202756_b97fcdc62c.jpg,A woman dressed in a blue jacket and blue jeans rides a brown horse near a frozen lake and snow-covered mountain 
75,109202801_c6381eef15.jpg,Two draft horses pull a cart through the snow 
76,109260216_85b0be5378.jpg,A person climbing down a sheer rock cliff using a rope 
77,109260218_fca831f933.jpg,People stand inside a rock dome 
78,1093716555_801aacef79.jpg,a group of backpackers lay on the dry ground 
79,1093737381_b313cd49ff.jpg,A woman in a blue dress stands with a chalk portrait of two children playing by a stream 
80,1094462889_f9966dafa6.jpg,A brown dog plays in a deep pile of snow 
81,1095476286_87d4f8664e.jpg,A boy jumping in a fountain 
82,1095580424_76f0aa8a3e.jpg,A Corgi runs out of a tunnel 
83,1095590286_c654f7e5a9.jpg,A blond dog and a black and white dog run in a dirt field 
84,1095980313_3c94799968.jpg,A little girl in a blue swimsuit is walking along a wooden fence next to a sandy beach 
85,1096097967_ac305887b4.jpg,A black and white dog drinking water from a water spray 
86,1096165011_cc5eb16aa6.jpg,a boy smiles underwater 
87,1096395242_fc69f0ae5a.jpg,A boy with a toy gun 
88,109671650_f7bbc297fa.jpg,A boy in yellow shorts is standing on top of a cliff 
89,109738763_90541ef30d.jpg,A person on a snowmobile in mid jump 
90,109738916_236dc456ac.jpg,People are riding around on snowmobiles 
91,109823394_83fcb735e1.jpg,Three people drive ATVs 
92,109823395_6fb423a90f.jpg,A four wheeler jumping in an empty field 
93,109823397_e35154645f.jpg,A man jumps gin the air while riding an ATV 
94,1100214449_d10861e633.jpg,A boy in s striped shirt is jumping in front of a water fountain 
95,1104133405_c04a00707f.jpg,A boy carrying a soccer ball 
96,1105959054_9c3a738096.jpg,A child painting a picture 
97,110595925_f3395c8bd6.jpg,A cyclist is riding a bicycle on a curved road up a hill 
98,1107246521_d16a476380.jpg,a black dog jumping to catch a rope toy 
99,1107471216_4336c9b328.jpg,A little girl is holding a cine camera in front of her face 
100,1110208841_5bb6806afe.jpg,A black and white Border Collie catches a Frisbee in front of an audience 
101,1112212364_0c48235fc2.jpg,A baby is sitting on and playing with smooth rocks 
102,111497985_38e9f88856.jpg,A kid rock climbing against the backdrop of a green valley 
103,111537217_082a4ba060.jpg,A man climbing a rock wall 
104,111537222_07e56d5a30.jpg,A climber wearing a blue helmet and headlamp is attached to a rope on the rock face 
105,1115565519_d976d4b1f1.jpg,A child playing with a fountain at the beach 
106,1115679311_245eff2f4b.jpg,A black dog is jumping over a log along a beach 
107,111766423_4522d36e56.jpg,A black and white bird eating seeds out of someone 's hand 
108,1117972841_2b9261f95f.jpg,A brown dog is running in the sand 
109,1118557877_736f339752.jpg,A little boy stands in the surf 
110,1119015538_e8e796281e.jpg,A little tan dog with large ears running through the grass 
111,1119418776_58e4b93eac.jpg,A black and white dog is running through the field 
112,1119463452_69d4eecd08.jpg,A girl in a pink swimsuit in a pool 
113,1121416483_c7902d0d49.jpg,A child is standing on her head 
114,112178718_87270d9b4d.jpg,A guy stands in the sand with a snowboard behind him 
115,112243673_fd68255217.jpg,People on ATVs and dirt bikes are traveling along a worn path in a field surrounded by trees 
116,1122944218_8eb3607403.jpg,A baby in a white garment holds a flag with crescent moon and star 
117,1124448967_2221af8dc5.jpg,A half naked man is sleeping on his chair outdoors 
118,1129704496_4a61441f2c.jpg,A brown and white and a black and white dog hauling in a floating toy from the ocean 
119,1130017585_1a219257ac.jpg,"There are three young people , one dark haired holding a bottled drink , one with head tilted back and finger in her mouth , and one with spiked hair "
120,1130369873_d80a1aa59c.jpg,A brown dog is running through neck-deep water carrying a tennis ball 
121,1130401779_8c30182e3e.jpg,Two brown dogs are creating large splashes as they run in a river 
122,1131155939_b4b457b05e.jpg,A black dog runs into the ocean next to a pile of seaweed 
123,1131340021_83f46b150a.jpg,A young boy runs while wearing sandals 
124,1131800850_89c7ffd477.jpg,A brown and white dog stands outside while it snows 
125,1131804997_177c3c0640.jpg,Two men are sitting on the ground and going through their backpacks 
126,1131932671_c8d17751b3.jpg,A boy is jumping on a bed 
127,1132772170_600610c5df.jpg,A child leaping from bed to bed behind the back of a man 
128,113678030_87a6a6e42e.jpg,A snowboarder sits on a slope with skiers and boarders nearby 
129,1138784872_69ade3f2ab.jpg,A girl in green walks down a city street 
130,114051287_dd85625a04.jpg,A boy dressed in soccer attire and holding his shoes getting out of a car 
131,1141718391_24164bf1b1.jpg,"A bridge through high green plants , a man and a woman on it "
132,1141739219_2c47195e4c.jpg,A family gathered at a painted van 
133,1142283988_6b227c5231.jpg,A blond woman poses with a person in a pink costume 
134,1142847777_2a0c1c2551.jpg,A bicyclist riding on a city street 
135,1143373711_2e90b7b799.jpg,A bicycle rider is crossing a street 
136,1143882946_1898d2eeb9.jpg,A lady wearing a helmet holding a bike 
137,1144288288_e5c9558b6a.jpg,A man in shorts is jogging along a street with a headset 
138,1148238960_f8cacec2fc.jpg,Bicyclists are standing at an intersection 
139,1149179852_acad4d7300.jpg,A man without a shirt on is guiding a large brown horse pulling a green and yellow wagon 
140,114949897_490ca7eaec.jpg,A boy hits a ball off of a tee ball into to net 
141,1151466868_3bc4d9580b.jpg,A small girl spins in the waves in the bright sun 
142,1153704539_542f7aa3a5.jpg,A girl playing trumpet in a marching band 
143,1155138244_859fd6e079.jpg,A girl hands out Starbucks samples at a street fair 
144,115684808_cb01227802.jpg,Three men are setting up a sledge on a snowy plain 
145,1159574340_99ba8c3c59.jpg,A child jumping into a lake in a wooded area while another child plays on the shore 
146,1160034462_16b38174fe.jpg,A elderly man in a straw hat is sitting on a bench 
147,1160441615_fe6b3c5277.jpg,Three girls are walking across a bridge covered with wood and surrounded by trees 
148,1163282319_b729b24c46.jpg,"A girl dressed in a red top , a red cap , and light colored shorts , sits on a rock outside "
149,116409198_0fe0c94f3b.jpg,A man eats near a tent in the snow 
150,1164131282_b30926f332.jpg,A grey dog beside a black and white dog running in green grass 
151,1164765687_7aca07bbe7.jpg,A man in a red shirt and glasses is bending down towards a small dog on a blanket with several stuffed animals 
152,1167662968_e466f1e80a.jpg,A guy with a nose piercing 
153,1167669558_87a8a467d6.jpg,A man in yellow grimaces 
154,1167908324_8caab45e15.jpg,A man is standing by a group of video games in a bar 
155,1169307342_e7a4685a5c.jpg,A big brown dog plays with a smaller grey dog on the grass 
156,1174525839_7c1e6cfa86.jpg,A girl in blue is jumping on the shore as small waves approach her 
157,1174629344_a2e1a2bdbf.jpg,A crowd of people walk down a busy sidewalk 
158,1176580356_9810d877bf.jpg,A big dog catches a ball on his nose 
159,1177994172_10d143cb8d.jpg,"Two blonde boys , one in a camouflage shirt and the other in blue , are having a water fight "
160,1178705300_c224d9a4f1.jpg,a brown dog jumping into a pool after a bloe ball 
161,118187095_d422383c81.jpg,Parents are pushing little children in red car carts 
162,118309463_a532b75be9.jpg,A boys baseball team wear their uniforms 
163,1184967930_9e29ce380d.jpg,A brown dog running through the grass and flowers 
164,1187435567_18173c148b.jpg,A small brown and black dog 
165,1187593464_ce862352c6.jpg,A big tan dog runs on grass with a big stick in his mouth 
166,1189977786_4f5aaed773.jpg,A dog jumping into a swimming pool 
167,1191338263_a4fa073154.jpg,A little old lady sitting next to an advertisement 
168,1193116658_c0161c35b5.jpg,A girl rides a unicycle as another rides a scooter next to her 
169,119534510_d52b3781a3.jpg,A man in a brown shirt sitting on a dock and reading 
170,1197800988_7fb0ca4888.jpg,a person sits at a table behind a tree 
171,1198194316_543cc7b945.jpg,a couple walking along on a sidewalk 
172,1204996216_71d7519d9a.jpg,A boy lays on a picnic table bench 
173,1206506157_c7956accd5.jpg,Dogs fight in grass over toy 
174,1207159468_425b902bfb.jpg,A boy and a person suspended above a dome structure 
175,1211015912_9f3ee3a995.jpg,A girl in a brown dress surrounded by children closes her eyes 
176,1213336750_2269b51397.jpg,A man in a black jacket is taking a photo of a man in a red jacket 
177,1215334959_b1970965f7.jpg,A family sits on a bench near a beach 
178,121800200_bef08fae5f.jpg,A group of climbers begin up a sheer rock face 
179,121971540_0a986ee176.jpg,two men cleaning the outside windows of a yacht 
180,1220401002_3f44b1f3f7.jpg,Two children are laughing in the grass 
181,1222322358_225067636e.jpg,A boy in a red and white shirt is on a swing 
182,1224851143_33bcdd299c.jpg,A boy eats with a spoon 
183,1225443522_1633e7121f.jpg,A girl walking alone at night on a street 
184,1227655020_b11a1bb112.jpg,A black dog and a brown dog playing in tall weeds 
185,1229756013_94663527d7.jpg,A brown dog jumping in the air on a brown plain 
186,1231229740_8dcbf80bfb.jpg,A child in gray clothes is sleeping on a red cushion 
187,1232148178_4f45cc3284.jpg,A baby girl playing at a park 
188,1234293791_6566284bcd.jpg,A girl in a helmet rides a horse 
189,1234817607_924893f6e1.jpg,a Korean man sells soda 
190,1235580648_7eebaed9bc.jpg,The hatted males pose for a picture 
191,1235681222_819231767a.jpg,A person in a blue shirt sits behind two people sitting on a wood bench 
192,1235685934_be89b231fb.jpg,A man in sunglasses on an overpass 
193,1236951314_0308dc4138.jpg,A boy in a wetsuit jumps into a pool with a bald man 
194,1236964638_1808784a3c.jpg,A boy flips off a diving board into a pool 
195,1237985362_dbafc59280.jpg,A lady holds a little girl who is trying to catch bubbles 
196,123889082_d3751e0350.jpg,A brown dog biting a gray dogs ear 
197,123997871_6a9ca987b1.jpg,Girls wearing sports uniforms and eye protection 
198,1240297429_c36ae0c58f.jpg,A dog in a number six jersey is running through a field 
199,124195430_d14028660f.jpg,A brown horse and a black foal on the beach 
200,1244140539_da4804d828.jpg,A black and brown dog is laying on a white shaggy carpet 
201,1244306891_8e78ae1620.jpg,smiling girls in bathing suits sitting on the sand 
202,1244485675_822e6efe60.jpg,A boy in a grey and white shirt looking at his reflection 
203,1245022983_fb329886dd.jpg,A child in all pink is posing nearby a stroller with buildings in the distance 
204,1247181182_35cabd76f3.jpg,a man sits on a rock 
205,1248357227_2b4175fc39.jpg,The kids play in the wooded area near the water 
206,1248734482_3038218f3b.jpg,A close-up of a young girl with a pink shirt laying on grass 
207,124881487_36e668145d.jpg,A man on bicycle riding down a rocky hill 
208,1248940539_46d33ed487.jpg,Three children are playing in sand near to the beach 
209,1248953128_24c9f8d924.jpg,A little girl in a colorful dress is playing with a blue and red soccer ball 
210,124972799_de706b6d0b.jpg,A cat under the bench hissing with a dog growling and trying to get it 
211,1251558317_4ef844b775.jpg,An adult and a child sitting on a police motorcycle 
212,1252396628_eb81d3905b.jpg,A man in a red biker suit on a red dirt bike going down a muddy road 
213,1252787177_4b08625897.jpg,People walk by a display of underwear hanging in a stall 
214,125319704_49ead3463c.jpg,Person standing beside bike in stream 
215,1253264731_e7c689eca5.jpg,A girl in a coral shirt with glasses is smiling while leaning against a fence 
216,1253275679_e955fb7304.jpg,A boy has his head down and is wearing a shirt that says ADHD 
217,1255504166_f2437febcb.jpg,A boy playing in a lake 
218,1258913059_07c613f7ff.jpg,A couple of people sit outdoors at a table with an umbrella and talk 
219,1259936608_e3f0064f23.jpg,A little girl with arms outstretched plays with others at a sprinkler park 
220,1260816604_570fc35836.jpg,A person drives in a red car 
221,1262077938_8b9516c273.jpg,A girl with a black purse sitting on a wooden bench 
222,1262454669_f1caafec2d.jpg,A girl in a white shirt is sitting on a park bench with a dog next to her 
223,1262583859_653f1469a9.jpg,a biker enjoys a coffee 
224,1263126002_881ebd7ac9.jpg,A baby girl is attempting to climb out of her green crib 
225,1263801010_5c74bf1715.jpg,A man in a red jacket looking out over snow-covered mountains 
226,1267711451_e2a754b4f8.jpg,A black and white dog carrying a large stick 
227,1269470943_ba7fc49b4d.jpg,A boy in blue with a football sprawls in the grass 
228,1271210445_7f7ecf3791.jpg,girls seated at table with a candle covered with lit candles 
229,1271960365_e54033f883.jpg,A black dog runs after another black dog who is carrying a ball 
230,1273001772_1585562051.jpg,About 12 kids and a few adults get splashed by an off camera source 
231,127450902_533ceeddfc.jpg,A winter landscape with four people walking in the snow 
232,127488876_f2d2a89588.jpg,"One man in red shirt and black pants with a man in white shirt and tan shorts , golfing "
233,127490019_7c5c08cb11.jpg,A girl is getting ready to swing the club 
234,1277185009_06478dd457.jpg,A man standing on a rocky mountain with gray clouds in the background 
235,1277743944_f4e8c78403.jpg,"A boy dressed in khaki shorts and a red shirt runs on a beach with green , white and blue structures and a half moon behind him "
236,1280147517_98767ca3b3.jpg,A boat on a lake 
237,1280320287_b2a4b9b7bd.jpg,A man is pulled behind a boat on a knee board while another doing the same begins to fall 
238,1282392036_5a0328eb86.jpg,A group of people in costume at a renaissance fair 
239,12830823_87d2654e31.jpg,Children sit and watch the fish moving in the pond 
240,1285067106_2adc307240.jpg,a boy in white plays baseball 
241,1285874746_486731a954.jpg,a african-american woman stands in the crowd 
242,1286408831_05282582ed.jpg,A boy with his mouth open and tongue sticking out clinging to a bar next to a platform 
243,1287064529_aa4e4f3c31.jpg,A black and tan dog in the snow 
244,1287073593_f3d2a62455.jpg,A group of dogs pull a person on a dog sled up a hill 
245,1287475186_2dee85f1a5.jpg,A boy sitting in water 
246,1287920676_d21a0b289b.jpg,A snow dog in a red harness 
247,1287931016_fb015e2e10.jpg,A black and a white dog on the snow 
248,1287982439_6578006e22.jpg,A big brown dog is jumping in the water and has his mouth wide open 
249,1288909046_d2b2b62607.jpg,a brown dog is leaping into a garden swimming pool 
250,128912885_8350d277a4.jpg,A dog jumps for a red ball on the grass 
251,1289142574_2bd6a082dd.jpg,A boy jumps from one picnic table to another 
252,1290894194_8a4ffdc7eb.jpg,A woman crouches down next to her terrier dog to smile at a little girl sitting on the sidewalk 
253,1294578091_2ad02fea91.jpg,A female artist showing her painting and signing a paper 
254,1295669416_21cabf594d.jpg,A girl dressed in a red and black top with black pants is sitting on a wall 
255,1295671216_cde1b9c9d1.jpg,"A crowd of people are standing together on a sidewalk , while one man is taking a picture "
256,1295698260_e10c53c137.jpg,"A crowd of people look at something out of frame , one man takes a picture "
257,129599450_cab4e77343.jpg,A backpacker in the mountains wearing an american flag 
258,1296412797_85b6d2f8d6.jpg,A child is being swung by her arms while another child watches 
259,1296770308_3db2022f5a.jpg,A girl sits on a bar stool 
260,1298295313_db1f4c6522.jpg,A blonde boy wearing a blue life vest and camo shorts jumps off a diveboard into a blue lake 
261,1298866571_b4c496b71c.jpg,a asian man gives an evil eye to the camera 
262,1299459550_1fd5594fa2.jpg,A boy in swimming trunks 
263,1299459562_ed0e064aee.jpg,"Three boys in baggy bathing suits play in splashing water in front a of grey , block wall "
264,1301140633_046e4e8010.jpg,a boy in a blue shirt with dirt on his face 
265,130211457_be3f6b335d.jpg,A girl in a red and black leotard with white writing is standing next to a man in a cap and a girl in a hot pink and black and white checkered outfit 
266,1302657647_46b36c0d66.jpg,A man hanging from bars outdoors 
267,1303335399_b3facd47ab.jpg,A baby boy wearing a shoulder life saver is at the very edge of an orange pool slide 
268,1303548017_47de590273.jpg,A girl poses on the train tracks near a station 
269,1303550623_cb43ac044a.jpg,A girl in a tank top and jean capris stands on railroad tracks 
270,1303727066_23d0f6ed43.jpg,A dark haired bearded man wearing a turquoise shirt with a yellow peace sign on it 
271,1303727828_d1052ee341.jpg,A man in a feather hat looking down 
272,1304100320_c8990a1539.jpg,The two dogs are running through a field of flowers 
273,1304961697_76b86b0c18.jpg,Two children on surfboards wave to each other 
274,1305564994_00513f9a5b.jpg,A man in street racer armor is examining the tire of another racer 's motorbike 
275,1306145560_1e37081b91.jpg,A black dog carries an orange tennis ball in his mouth as he swims 
276,1307635496_94442dc21a.jpg,A boy wearing black sandals runs along the grass 
277,1308472581_9961782889.jpg,a boy in blue shirt splashing in water under a dock 
278,1308617539_54e1a3dfbe.jpg,A boy is jumping from a body board into the ocean 
279,1309330801_aeeb23f1ee.jpg,One girl is doing a handstand on an outdoor trampoline while another girl stands on the trampoline with one hand in the air 
280,1311132744_5ffd03f831.jpg,A black and grey dog runs in a field with its tongue hanging out 
281,1311388430_4ab0cd1a1f.jpg,A person hanging from a telephone pole near the mountains 
282,1312020846_5abb4a9be2.jpg,Two little puppies chase each other on a stone wall 
283,1312227131_771b5ed201.jpg,dogs running on a cold but sunny morning 
284,1312954382_cf6d70d63a.jpg,A girl in a green dress plays with a Hello Kitty balloon 
285,1313693129_71d0b21c63.jpg,A boy and a girl are standing on a river bank facing the water 
286,1313961775_824b87d155.jpg,A girl floating wearing a life vest 
287,1316247213_1d2c726dd5.jpg,A closeup of a little girl laughing 
288,131632409_4de0d4e710.jpg,A girl in a bikini walks along the beach with huge clouds and a sandy beach behind her 
289,1317292658_ba29330a0b.jpg,a boy enjoys a rain shower 
290,1319634306_816f21677f.jpg,A brown dog is sitting in some long grass 
291,1321723162_9d4c78b8af.jpg,A little girl holding hands with her ice skating instructor 
292,1321949151_77b77b4617.jpg,A little boy and a little girl are lying on a black bench surrounded by adults 
293,1322323208_c7ecb742c6.jpg,A boy and a girl playing on the beach 
294,1324816249_86600a6759.jpg,A brown dog stands in a lush field with the stunning clouds and mountains behind it 
295,132489044_3be606baf7.jpg,A man sleeping with a bag on his lap on public transportation 
296,1329832826_432538d331.jpg,"People stand on a street corner at dusk , with a pharmacy in the background "
297,1330645772_24f831ff8f.jpg,A black and white dog is running in the grass 
298,133189853_811de6ab2a.jpg,"A man wearing a tuxedo shirt , vest , and bow-tie is kissing another man wearing the same thing on the cheek "
299,1332208215_fa824f6659.jpg,A man in glasses and an Asian woman are seated across from each other in a subway train 
300,1332492622_8c66992b62.jpg,A group of people stand on a balcony near a colorful circus building 
301,1332722096_1e3de8ae70.jpg,Three women standing on a city street 
302,1332815795_8eea44375e.jpg,A baby swings in a swing near a wooden fence 
303,1332823164_c70a5d930e.jpg,A girl standing in the ocean 
304,1333888922_26f15c18c3.jpg,A brown-haired child in green shoes swings on a swing in a park near the woods 
305,1334892555_1beff092c3.jpg,The girls are playing with foam swords 
306,1335617803_4fbc03dab0.jpg,The two children make a funny pose in front of some bushes 
307,1337792872_d01a390b33.jpg,A girls walks down the road holding a teddy bear 
308,1338523142_57fce8229b.jpg,A backpacker walks down a rocky mountain 
309,133905560_9d012b47f3.jpg,A puppy plays with an adult dog in the snow 
310,1339596997_8ac29c1841.jpg,three females wearing head scarves standing together 
311,1341787777_4f1ebb1793.jpg,A brown dog is bending down trying to drink from a jet of water 
312,1342766791_1e72f92455.jpg,A boy pushing another boy up a pole 
313,1342780478_bacc32344d.jpg,A man in a dress shirt and tie is standing in front of a sign selling donuts 
314,1343426964_cde3fb54e8.jpg,A blond boy in a blue tee shirts stands smiling before a craft of green nylon fabric 
315,1346051107_9cdc14e070.jpg,A man is playing a saxophone next to a fire hydrant 
316,1346529555_e916816cfe.jpg,A dog in midair cathing the red ball 
317,134724228_30408cd77f.jpg,Two girls are walking down a dirt road in a park 
318,1347519824_e402241e4f.jpg,A few girls with green foam statue of liberty hats on a train 
319,1348113612_5bfc5f429e.jpg,A black and white dog jumping into a pool after tennis balls 
320,1348304997_afe60a61df.jpg,A barefoot red-headed girl jumping over a rail 
321,1348891916_ebd4413033.jpg,A brown dog on a leash runs through the white water 
322,134894450_dadea45d65.jpg,A boy wearing no shirt and some blue jeans is jumping in the air in the woods 
323,1348947380_14f0fc1237.jpg,A man and a dog stand on a hill overlooking water 
324,1348957576_c4a78eb974.jpg,A blonde woman in a white tank top and sunglasses is talking to a man sitting next to boats on a rock surface 
325,1350811702_2ce7cfd0c5.jpg,A young boy casting his fishing line off a pier 
326,1350948838_fdebe4ff65.jpg,A black and white dog jumping into a pool 
327,1351315701_6580b51c41.jpg,A black and a white dog are running on the grass 
328,1351764581_4d4fb1b40f.jpg,A firefighter extinguishes a fire under the hood of a car 
329,135235570_5698072cd4.jpg,A man in a field backed by american flags 
330,1352398363_9cc8ffcce9.jpg,A boy is covered with marker 
331,1352410176_af6b139734.jpg,A blonde girl is stepping on vertical logs in the sand 
332,1354318519_2f9baed754.jpg,A baby is laughing 
333,1355450069_c0675b0706.jpg,A man is climbing up a wall 
334,1355703632_5683a4b6fb.jpg,A female softball player making a pitch 
335,1355833561_9c43073eda.jpg,A child is being thrown in the air playfully 
336,1355935187_2c99648138.jpg,A fluffy white dog is coming out of a blue striped obstacle shute 
337,1355945307_f9e01a9a05.jpg,A man drives an old-fashioned red race car 
338,1356543628_c13ebe38fb.jpg,A girl carries a lot through the grass 
339,1356796100_b265479721.jpg,A girl in a flowered dress peaking through some leaves 
340,1357689954_72588dfdc4.jpg,A boy is attempting to rock-climb a prefabricated wall 
341,1357724865_4faf4e1418.jpg,A half-dressed man walks into a river at the bottom of a small waterfall 
342,1357753846_6185e26040.jpg,"A big , black dog runs through the water , near the shore "
343,1358089136_976e3d2e30.jpg,A boy sand surfing down a hill 
344,1358892595_7a37c45788.jpg,A dog runs through the forest with something in its mouth 
345,1359101233_16c2c150e3.jpg,a dog in a red jacket is running on the grass 
346,1361420539_e9599c60ae.jpg,A black dog is running in the grass 
347,1362128028_8422d53dc4.jpg,kids play in a blue tub full of water outside 
348,1363843090_9425d93064.jpg,A black dog retrieves a cloth from a streambed 
349,1363924449_487f0733df.jpg,A boy holds his hands on his head 
350,136552115_6dc3e7231c.jpg,A helmeted man jumping off a rock on a mountain bike 
351,136639119_6040b00946.jpg,A climber is attempting to climb around an overhang above the woods 
352,136644343_0e2b423829.jpg,A boy rides on a tire swing 
353,136644885_f7d2bbf546.jpg,A group of people walking across a rope bridge 
354,1368338041_6b4077ca98.jpg,Three dogs looking at a cement ledge 
355,1368383637_614646cc4a.jpg,People stand in corridor looking from balcony as another person walks dog 
356,136886677_6026c622eb.jpg,A large man sits in the back of a canoe with another man in front on a river 
357,1370615506_2b96105ca3.jpg,A wine shop with an open sign in the window and two people out front 
358,1370773415_967b1ffde1.jpg,A man and a woman standing outside a restaurant 
359,1377668044_36398401dd.jpg,A dog jumping in the air to retrieve a stick from a man 
360,1378557186_4bd1da6834.jpg,"A man , a gun , and a dog "
361,1379026456_153fd8b51b.jpg,A man sits at a table in front of a computer wearing headphones 
362,1383698008_8ac53ed7ec.jpg,A man is snowboarding over a structure on a snowy hill 
363,1383840121_c092110917.jpg,A brown dog laying on a blue cover 
364,1384292980_4022a7520c.jpg,The girls walk down the street 
365,1386251841_5f384a0fea.jpg,"A woman is looking at dressed , headless mannequins in a store display "
366,1386964743_9e80d96b05.jpg,a boy is playing with a camera whilst standing on a dirt track 
367,138705546_be7a6845dd.jpg,Two girls looking out over a lake towards a man fishing 
368,138718600_f430ebca17.jpg,Two bicycles are standing behind two people sitting on the grass near a body of water 
369,1387443857_602ab6f9bf.jpg,An old man is sitting on a stone bench 
370,1387461595_2fe6925f73.jpg,men are standing beside a stonesign 
371,1387785218_cee67735f5.jpg,A child pushes a doll in a baby carriage 
372,1388346434_524d0b6dfa.jpg,"A man , leaning against a concrete wall with his arms resting on top , looks over a balcony "
373,1388373425_3c72b56639.jpg,A woman in a black shirt is sitting next to a florescent green bag 
374,1388970365_162edcceb4.jpg,A brown dog and two black dogs in an overgrown grassy field 
375,1389264266_8170bc1c54.jpg,A girl with pink streaked hair and fur uggs looks back while the girl walking next to her looks at her 
376,1389323170_d1c81d6b51.jpg,a lone woman sitting on an usual green bench with a cup in her hand 
377,1389651420_8d95d8f6ed.jpg,A boy stands beside a railing at a go kart track 
378,1390268323_2c8204e91c.jpg,Two children climb into the back of a vehicle from the front seat 
379,1392272228_cf104086e6.jpg,A black dog carrying an object out of the water 
380,1394368714_3bc7c19969.jpg,A dog waits as his owner rummages through a collection of stuff 
381,1394396709_65040d97ab.jpg,A brown dog carrying a black object 
382,1394599090_fe0ba238f0.jpg,A father and a child are playing in the pool 
383,1394620454_bf708cc501.jpg,A boy with glasses is standing on top of a rocky peak with hands in his pockets 
384,1394927474_0afdd82fc4.jpg,A boy with a green balloon is standing outside of a large building 
385,1396064003_3fd949c9dd.jpg,A man hangs upside in the air over the water 
386,1396703063_e8c3687afe.jpg,"A man in a blue shirt , cowboy hat and a cross neckless walking in front of a carnival or amusement park ride "
387,1397295388_8a5b6b525d.jpg,A group of people waits for their luggage in the Las Vegas airport 
388,1397887419_e798697b93.jpg,A brown dog chases a blond one in the grass 
389,1397923690_d3bf1f799e.jpg,A man is carefully skiing down a snow covered hill wearing a backpack 
390,1398606571_f543f7698a.jpg,A girl in an innertube enjoying the lake 
391,1398613231_18de248606.jpg,A man and a girl sit inside a floating tube in the water 
392,1398873613_7e3174dd6c.jpg,A man smiles and holds onto a rope on a boat 
393,1400424834_1c76e700c4.jpg,A lady dressed in shades of black waits on the sidewalk for a train 
394,1401961581_76921a75c5.jpg,A child is in a harness with onlookers 
395,1402640441_81978e32a9.jpg,A boy in red and blue shorts is trying to catch a soccer ball while running in sand 
396,1402641725_5e027ecaa7.jpg,Four children are playing on a hill of sand 
397,1402843760_d30f1dbf0f.jpg,a dog trots through the grass 
398,1402859872_0fc8cf8108.jpg,A boy high-fives a mannequin 
399,1403414927_5f80281505.jpg,A black dog in front of a white dog walking on a path in a forest 
400,140377584_12bdbdf2f8.jpg,A climber in an orange helmet is ascending attached to a rope whilst climbing a rock face 
401,140430106_2978fda105.jpg,A dog is running along a beach on a sunny day 
402,1404832008_68e432665b.jpg,a man in a harness being dragged across the water 
403,1405221276_21634dcd58.jpg,"One dog shaking the water off , getting a second dog wet "
404,140526326_da07305c1c.jpg,A man rock climbs with a city and body of water in the background 
405,140526327_3cb984de09.jpg,A man looks up at the cliff he is climbing near the beautiful blue ocean 
406,1406010299_5755339f08.jpg,A boy dressed as a pirate glares at the camera while boats sit in the background 
407,1408958345_68eea9a4e4.jpg,A girl smiles as she runs across the white sandy beach in her swimsuit 
408,1410193619_13fff6c875.jpg,A baby stands on the side of a couch and knocks over a lamp 
409,141139674_246c0f90a1.jpg,A boy hits a baseball with the bat 
410,141140165_9002a04f19.jpg,A little boy points to the face of another little boy in base in a baseball game 
411,1412832223_99e8b4701a.jpg,A child jumps on a sand dune 
412,1413956047_c826f90c8b.jpg,These three young men are standing on a mountaintop 
413,1414779054_31946f9dfc.jpg,A boy jumping off of a cement block 
414,1414820925_3504c394e1.jpg,A man in red shorts jumping in back of a volleyball net 
415,1415591512_a84644750c.jpg,A girl in boots is active in the grass 
416,1417031097_ab656bc4bd.jpg,A person is laughing on a roller coaster ride 
417,1417295167_5299df6db8.jpg,A man holds a drink in one hand and looks at his cellphone 
418,141755290_4b954529f3.jpg,A vendor in all pink and red clothing is preparing her wears while looking forward 
419,141755292_7a0b3364cf.jpg,A man and woman are at a catered dinner getting food 
420,1417637704_572b4d6557.jpg,Two children peek out 
421,1417882092_c94c251eb3.jpg,Two guys standing side by side 
422,1417941060_2a0f7908bc.jpg,A baby plays with a young boys face 
423,1418019748_51c7d59c11.jpg,"A man dressed in a white shirt , blue baseball cap while wearing gloves , holding a red and white checkered food wrapping "
424,1418266617_b32143275b.jpg,A black and white dog jumps over a pole while splashing water around 
425,1418503947_953d373632.jpg,A man in an orange hat pulls a cigarette out of a box 
426,1419286010_b59af3962a.jpg,A fisherman is reeling his rod while another relaxes in a boat on water 
427,1419385780_1383ec7ba9.jpg,a man wearing blue has a Mohawk 
428,1420060020_7a6984e2ea.jpg,A boy wears a ninja suit and strikes a pose 
429,1420060118_aed262d606.jpg,A child dressed as a ninja is jumping through the air under a large tree 
430,1423126855_6cd2a3956c.jpg,A hiker poses in a green field with sheep 
431,1423997242_ea2189ec5e.jpg,A hiker resting in a field 
432,1424237335_b3be9920ba.jpg,Two children hang from a metal bar close to the ground 
433,1424775129_ffea9c13ab.jpg,A little boy walking on railroad tracks 
434,1425013325_bff69bc9da.jpg,Two big German Shephard dogs play in the water 
435,1425069308_488e5fcf9d.jpg,A dog on two legs with its mouth opened toward a blue ball in the air 
436,1425069590_570cc7c2d8.jpg,A girl begins to climb a red piece of playground equipment 
437,1425485485_d7c97a5470.jpg,A girl touches a boys face ; both are smiling 
438,1425919702_ddb761aeec.jpg,A crowd of people are sitting in seats in a sports ground bleachers 
439,1426014905_da60d72957.jpg,A man in a suit along the railing of a balcony that has a very high view 
440,1427391496_ea512cbe7f.jpg,A child in a black shirt standing on a wooden dock near a picnic table 
441,142802798_962a4ec5ce.jpg,A boy in a green shirt on a skateboard on a stone wall with graffiti 
442,1428578577_82864facae.jpg,Two hikers wearing dark clothes rest on a snow covered peak 
443,1428641354_f7453afbea.jpg,A woman and a boy are making hamburgers in the kitchen 
444,1428681303_04213524e3.jpg,Children climbing statue 
445,1429546659_44cb09cbe2.jpg,A white dog and a black dog in a field 
446,1429723917_6af585e4c0.jpg,a bald man with a tattooed head stands next to a man with a brown t-shirt in front of a transparent awning 
447,1429814475_0b592b9995.jpg,A lady sitting down and someone with black shorts and shoes 
448,1430154945_71bbaa094a.jpg,A mother helps her little boy eat his food by feeding him by hand 
449,1432179046_8e3d75cf81.jpg,A man in the near distance is pointing to a silver sedan near him 
450,1432342377_3e41603f26.jpg,A man and a woman are standing on the curb 
451,143237785_93f81b3201.jpg,A man holding a fish 
452,1433088025_bce2cb69f8.jpg,"A crowd is watching 2 shirtless men , one in yellow pants and one in black shorts perfom "
453,1433142189_cda8652603.jpg,A hiker is walking a treeless path up a hill 
454,1433397131_8634fa6664.jpg,A baby lies almost completely covered by bright colored plastic balls 
455,1433577867_39a1510c43.jpg,A wet white dog is splashing in the water with a stick in its mouth 
456,1434005938_ad75c8598c.jpg,A man is carrying a large backpack and looking over some green fields 
457,1434607942_da5432c28c.jpg,A child rides on a man 's shoulders 
458,143552697_af27e9acf5.jpg,A man riding his bike on a hill 
459,143552829_72b6ba49d4.jpg,A boy in a black helmet and red long sleeve shirt rides his motorbike over a rocky stream 
460,1436760519_8d6101a0ed.jpg,A black and white dog is jumping up to catch a toy as another dog watches 
461,143680442_2f03f76944.jpg,A climber is suspended on an overhang that overlooks a tree covered hill 
462,143680966_0010ff8c60.jpg,A man wearing a backpack is climbing a rock 
463,143684568_3c59299bae.jpg,A man standing on a cliff 
464,143688205_630813a466.jpg,A climber scales a steep rock face 
465,143688283_a96ded20f1.jpg,a man in a harness climbing a rock wall 
466,143688895_e837c3bc76.jpg,A boy climbing a rock face 
467,1439046601_cf110a75a7.jpg,A boy is smiling whilst standing in front of a swimming pool 
468,1439282131_3814d6ae04.jpg,The two dogs are in the water retrieving a stick 
469,1440024115_129212c988.jpg,A man plays Frisbee with his dog 
470,1443807993_aebfb2784a.jpg,A child slides down a colorful slide while another child watches 
471,1445123245_c7b9db0e0c.jpg,A black and tan dog plays with a centipede toy 
472,1445754124_647168f211.jpg,A black and white dog climbs a leaning tree trunk 
473,1446053356_a924b4893f.jpg,Children participate in a sport on a green field while in uniforms 
474,1446933195_8fe9725d62.jpg,A black puppy is biting a tree limb 
475,1448511770_1a4a9c453b.jpg,A Jack Russell Terrier is measured for distance jumping as he tries to catch a Frisbee 
476,1449370354_380c4123c9.jpg,Kids running across the grass 
477,1449625950_fc9a8d02d9.jpg,A brown dog and a tan dog are playing in tall grass 
478,1449692616_60507875fb.jpg,A girl takes a picture with her hand over the camera lens 
479,1452361926_6d8c535e32.jpg,A boy sits in a toy car while drinking from his sippy cup 
480,1453366750_6e8cf601bf.jpg,Two children are shown upside down 
481,1454678644_7e5a371301.jpg,A big black dog chases a big brown dog with a green object in his mouth while another big brown dog tags behind 
482,1454841725_4b6e6199e2.jpg,a group of young girls smiling with a large crowd behind them 
483,1456393634_74022d9056.jpg,A boy doing a handstand on the beach 
484,1456630952_dd4778a48f.jpg,A boy is catching an orange Frisbee in front of a wooden gate 
485,145721496_687af9bb18.jpg,A bird is standing on a rock overlooking a waterfall 
486,145721498_a27d2db576.jpg,A man in a blue canoe battling through rough waves 
487,1457762320_7fe121b285.jpg,A group of bicyclists getting ready for a ride 
488,1459032057_97e73ed6ab.jpg,A girl in a striped shirt holds a bun to her mouth 
489,1459250022_bf1eddad11.jpg,A band of cellos and violins playing in front of a crowd at The Market Gallery 
490,1460352062_d64fb633e0.jpg,A girl in sunglasses sits in the branches of a tree 
491,1460500597_866fa0c6f3.jpg,A man is sitting in room made up of wood panelling 
492,146098876_0d99d7fb98.jpg,A boy and three girls in blue school uniforms walk down a dirt-covered road 
493,146100443_906d87faa2.jpg,a girl and two boys dressed up for halloween 
494,1461329041_c623b06e5b.jpg,The two ladies are riding bicycles near the beach 
495,1461653394_8ab96aae63.jpg,A large white dog growling at a large black dog 
496,1461667284_041c8a2475.jpg,A guitarist plays while people play with hula-hoops in the background 
497,1463638541_c02cfa04dc.jpg,A girl climbing a rope wall 
498,1463732130_a754441289.jpg,A girl in a white shirt jumps on a trampoline 
499,1463732807_0cdf4f22c7.jpg,A boy on a playground swing strikes a medatative pose 
500,1464120327_d90279ca3a.jpg,A little boy presses his face a window 
501,1465666502_de289b3b9c.jpg,A black dog is swimming in green water with something in its mouth 
502,146577645_91b570c0d0.jpg,A kayaker goes through the waves holding his paddle 
503,146577646_9e64b8c2dc.jpg,A kayaker is battling waves in a purple boat while wearing rain gear 
504,1466307485_5e6743332e.jpg,A group of people pull a jeep stuck on a rock 
505,1466307489_cb8a74de09.jpg,Men in helmets and orange vests pulling a jeep out of a ditch 
506,1466479163_439db855af.jpg,A brown dog runs through the grass holding something in its mouth 
507,1467533293_a2656cc000.jpg,The two girls are playing on a yellow and red jungle gym 
508,1468103286_96a6e07029.jpg,A Baseball batter raising his arm 
509,1468389504_c724bdcad0.jpg,Two girls in pink are playing on yellow playground bars 
510,1468429623_f001988691.jpg,"A black dog is jumping up , biting a man 's padded arm "
511,1468962616_5803b4397f.jpg,A boy in a pool squirts a bright green water gun 
512,1469000260_5d473c8283.jpg,A big tan dog lays on the ground looking to the side 
513,1469358746_2a879abaf3.jpg,A man and his dog in the mountains 
514,1470061031_4cb59c12a8.jpg,Two brownish dogs are fighting 
515,1470132731_fa416b7504.jpg,A black dog is running in the water 
516,1470536919_1f3fd6c65a.jpg,A little black dog is running beside a large brown and white dog with a large rope in its mouth 
517,1472053993_bed67a3ba7.jpg,"A downhill skier with a backpack , on a background of mountains and wispy clouds "
518,1472230829_803818a383.jpg,"A group of people in a boat , white water rafting "
519,1472249944_d887c3aeda.jpg,A girl squats on a rock while another stands by her 
520,1472653060_7427d2865a.jpg,A man cutting up some food on a yellow board 
521,1472882567_33dc14c8b6.jpg,a group of skiers going up a mountain 
522,1473080948_bae2925dc8.jpg,A kayaker wearing a blue wetsuit and black helmet paddles his yellow kayak in murky rolling rapids 
523,1473250020_dc829a090f.jpg,"A boy stands on a rock in a creek , holding a stick "
524,1473618073_7db56a5237.jpg,A boy on a green plastic swing 
525,1474474514_b3eb492722.jpg,A child smiling in a park 
526,1475046848_831245fc64.jpg,A blonde woman in blue shorts walks on the beach carrying her shoes 
527,1476002408_4256b7b2fa.jpg,a lone person wearing a quilt walking along the sidewalk of a street 
528,1476241331_2f43b67aed.jpg,A boy and a toddler boy stand by a water fountain 
529,1478268555_7e301fc510.jpg,A bare backed climber is attached to the rock face on a pink safety rope 
530,1478294229_7e1c822fea.jpg,A closeup of a bicycle rider 's leg 
531,1478606153_a7163bf899.jpg,A brown and white dog is running through woodland 
532,1479028910_3dab3448c8.jpg,A boy skateboards and does a jump over another skateboard 
533,1479124077_17dcc0d5d7.jpg,A barefoot boy in shorts and a t-shirt jumps in muddy grass 
534,1479513774_70c94cf9d3.jpg,A girl wearing a green jacket is standing at a stop light 
535,1479679558_d0a01bc62b.jpg,A creek winds through the woods 
536,1479857177_9d4a6f38fd.jpg,A man in a scuba suit holds a box 
537,1480712062_32a61ad4b7.jpg,A person in a scuba suit holds a very small lobster 
538,1481062342_d9e34366c4.jpg,A little girl in pajamas runs down a hall with hardwood floors 
539,1482960952_95f2d419cb.jpg,"Three elderly women , two with canes , walk through a parking lot "
540,148512773_bae6901fd6.jpg,A couple enjoys a quiet moment near the river 
541,1488937076_5baa73fc2a.jpg,a few different colored dogs jumping around in the grass behind a house 
542,1489286545_8df476fa26.jpg,A man and a dog sit on a bench near a body of water 
543,1490213660_9ea45550cf.jpg,A dog is trotting through a shallow stream 
544,1490670858_e122df2560.jpg,A child on a red slide 
545,1491192153_7c395991e5.jpg,A man putting a little boy wearing orange into a child swing 
546,1499495021_d295ce577c.jpg,"A dark haired woman wearing a brown jacket and fatigue bottoms and a balding man wearing a green sweater and blue jeans with a fishing pole , stand at the foot of the surf "
547,1499554025_a8ffe0e479.jpg,A group of females in white suits are in a petting zoo with two goats 
548,1499581619_a5f65a882c.jpg,A couple dressed in hoodies kissing on the beach 
549,1500853305_0150615ce9.jpg,A girl and a boy hugging on a bridge 
550,1501297480_8db52c15b0.jpg,A boy tries to put a screen on a window 
551,1501811302_5e723fc529.jpg,A black and white dog runs around a farm animal inside a fenced yard 
552,1501985304_8c50093004.jpg,A child swims with a woman 
553,150387174_24825cf871.jpg,A man dressed in camouflage riding a motorbike 
554,1505686764_9e3bcd854a.jpg,a man in red shorts is walking along rocks by a river carrying a stick 
555,150582765_bad8dec237.jpg,A girl wearing a pink hoodie looks through her camera 
556,1507563902_6ec8d5d822.jpg,a child is doing a back flip whilst jumping on a trampoline 
557,1508269285_6c5723f67d.jpg,A brown and white dog is standing in the river by the bank 
558,1509786421_f03158adfc.jpg,A boy points 
559,1510078253_96e9ec50e7.jpg,A dog trying to catch a ball 
560,1510669311_75330b4781.jpg,A group of girls are posing together with males nearby 
561,1511807116_41c3645e8c.jpg,A black dog plays with another animal 
562,1514957266_a19827c538.jpg,A black dog runs on green grass with its mouth open 
563,1515025681_999199cb79.jpg,A man in a white shirt and sunglasses gazes into the horizon 
564,1515883224_14e36a53c7.jpg,A brunette woman in a blue shirt too small for her standing behind casually-dressed people 
565,1516714577_7d1c35a8d8.jpg,A girl in pink twirls a ribbon 
566,1517340899_ee1c74a8f6.jpg,A girl jumping in the grass 
567,1517721825_10176d0683.jpg,"A brown , black , and tan dog run in the ocean "
568,1517807181_ca6588f2a0.jpg,Two children are playing with a kite out in wide open countryside 
569,152029243_b3582c36fa.jpg,A man maneuvers a motorcycle through a rocky stream 
570,1521623639_4bda3407cc.jpg,A homeless man sitting on a sofa under an overpass 
571,1522787272_5a31497ef2.jpg,A dog with mud stuck on his underside is running on grass 
572,1523800748_a59e980eee.jpg,Boy and girl running along the beach 
573,1523984678_edd68464da.jpg,A dog is running with a yellow tennis ball and wearing a red harness 
574,1525153022_06c48dbe52.jpg,A black dog is running through the shallow edge of a large body of water 
575,1526181215_c1a94325ae.jpg,A dog is jumping into the water 
576,1526325728_74eb4153d8.jpg,A grey colored dog walks in wet sand at a beach 
577,1527297882_dededc7891.jpg,a man dressed as Jack Sparrow from Pirates of the Caribbean 
578,1527333441_af65636a74.jpg,"A man in a blue shirt and jeans stands behind a sign that says "" Mark ' Mom ' Finley "" "
579,1527513023_3d8152b379.jpg,A little boy plays with a water toy while others watch 
580,1528205014_1323aa9dfd.jpg,A man in a yellow jacket with many colorful wristbands is smiling 
581,1529044279_4922ead27c.jpg,A crowded street in Europe 
582,1536597926_c2e1bc2379.jpg,Two hikers rest on a snow-covered mountain 
583,1536774449_e16b1b6382.jpg,"A boxy building , A group of trees , a church at sunset "
584,1539166395_0cdc0accee.jpg,A child with a skull on his shirt is sitting in front of some plants and a building and is holding onto handlebars 
585,1540631615_8b42c1b160.jpg,A boy in a red jacket does a gymnastic maneuver on a grassy athletic field 
586,1541272333_1624b22546.jpg,A brown dog brings up some dust as he runs around a field 
587,1542033433_5453d4c466.jpg,A female in a green shirt standing while traffic passes 
588,1547883892_e29b3db42e.jpg,A girl is reading while drinking Starbuck 's coffee 
589,154871781_ae77696b77.jpg,Boys kicking soccer ball in the grass under a tree 
590,1550772959_9ca9fa625f.jpg,A girl sits with excavating tools examining a rock 
591,1552065993_b4dcd2eadf.jpg,A dog is running in a field 
592,155221027_b23a4331b7.jpg,A skydiver safely lands while another watches from the ground 
593,1554713437_61b64527dd.jpg,A big hound dog walking on a log in the woods 
594,1557451043_f5c91ff6f4.jpg,A girl is sitting on the beach and staring at the ocean 
595,1557838421_a33f2a4911.jpg,A grey and white dog is biting the ear of a white and brown dog 
596,1561658940_a947f2446a.jpg,A little girl in a swing laughs 
597,1562392511_522a26063b.jpg,A dog chewing a blue rope while two men watch from behind 
598,1562478333_43d13e5427.jpg,A man is camping on a beach shore 
599,1562478713_505ab6d924.jpg,A man cooking food at his campsite 
600,1563731247_7f21d8bec0.jpg,A child plays on the ground in a pile of leaves 
601,1564614124_0ee6799935.jpg,A closeup of a girl holding a heart necklace and looking at it 
602,1566117559_f5d98fbeb0.jpg,A little white dog begs 
603,1569562856_eedb5a0a1f.jpg,A man in a black jacket is has a white headphone in his ear 
604,156967462_72db9b722c.jpg,a couple dogs in and around a small lake of water near a highway 
605,1569687608_0e3b3ad044.jpg,Two girls are wearing life vests and hugging each other 
606,1570723692_3a2b064d43.jpg,A large orange dog and a little orange dog with another third dog in the grass 
607,157139628_5dc483e2e4.jpg,A man in a blue shirt is spraying a sand sculpture 
608,1572286502_64e5c4b920.jpg,A blonde child climbing across a net 
609,1572532018_64c030c974.jpg,children playing at the beach 
610,1573017288_4d481856e2.jpg,A girl with arms raised in sliding down a red and white slide 
611,1574401950_6bedc0d29b.jpg,A boy jumps from the top of a blue plastic slide 
612,1576185717_f841ddc3da.jpg,A boy and girl playing cricket 
613,1579198375_84b18e003a.jpg,A band performs in a dimly lit setting 
614,1579206585_5ca6a24db0.jpg,A girl is playing an electric guitar in front of an amplifier 
615,1579287915_4257c54451.jpg,A lone man stands on a rocky outcropping and looks out over the wilderness 
616,1579798212_d30844b4c5.jpg,a child is laying in a bubble bath holding a yellow scrubbing brush up to his mouth as if singing into a microphone 
617,1580172290_e19067e0dd.jpg,A baby and a young boy playing 
618,1580671272_3e99d94305.jpg,A boy holds a red bucket up to a pony 
619,1581822598_0ae23074f1.jpg,A brown and black dog playing in the snow 
620,1584315962_5b0b45d02d.jpg,A man holds a flag next to a snowbound campsite 
621,1594038143_57f299aa8a.jpg,A man in a pink shirt is showing a magic trick to a boy in a blue shirt 
622,159712188_d530dd478c.jpg,A woman is walking past an artificial waterfall 
623,1597319381_1e80d9e39c.jpg,A group of kids in red and white playing soccer 
624,1597557856_30640e0b43.jpg,a brown dog is jumping up at a woman who is wearing a brown skirt 
625,1598085252_f3219b6140.jpg,A dog in a field 
626,1600208439_e94527b80f.jpg,A brown dog playing in mud 
627,160541986_d5be2ab4c1.jpg,A girl is all decked out with razzling jewelry 
628,160566014_59528ff897.jpg,A couple sit on the hood of a car with their backs to the camera 
629,160585932_fa6339f248.jpg,"A black station wagon with its lights on , partially submerged in water with a wooded area behind it "
630,1606988704_fe330878a3.jpg,Three children playing in hay 
631,160792599_6a7ec52516.jpg,A group of people stand in the sand looking out at the water 
632,160805827_5e6646b753.jpg,A man in a boat in front of a sunset 
633,1616016569_673de1d678.jpg,a couple sitting together smiling at the photographer 
634,161669933_3e7d8c7e2c.jpg,A competitive motorcycle racer prepares to make a left turn along a paved road 
635,161905204_247c6ca6de.jpg,a girl in a light blue windbreaker walks down a cement road 
636,1620397000_3883e3ecd3.jpg,A black and white spotted dog is jumping over the small stream of water 
637,162152393_52ecd33fc5.jpg,A girl on a beach with rainbow flags 
638,1622619190_d0b51aff28.jpg,A brown dog is walking on the grass beside a fence 
639,1625306051_7099519baa.jpg,A man in a yellow shirt and a man in an orange shirt jump in the air 
640,1626754053_81126b67b6.jpg,A black and white dog is going after an orange Frisbee 
641,162743064_bb242faa31.jpg,A brown dog catching a ball in silhouette 
642,1643915227_9f48068772.jpg,A group of people are walking down the sidewalk of a big city 
643,1650280501_29810b46e5.jpg,A group of people are sitting in some rows of wooden seats 
644,1655781989_b15ab4cbff.jpg,A group of mountain climbers 
645,1659358133_95cd1027bd.jpg,a brown dog sniffs a tree stump 
646,1659358141_0433c9bf99.jpg,A brown dog is panting hard on grass during a sunny day 
647,1659396176_ced00a549f.jpg,"A white and brown dog with his mouth open and tongue out facing a second , almost off-camera dog "
648,1662261486_db967930de.jpg,A black and white dog is jumping through a black and white hoop 
649,166321294_4a5e68535f.jpg,A man is riding on a red motorcycle 
650,1663454406_5e2cf8c5bb.jpg,A man carries a sign while standing in the rain 
651,1663751778_90501966f0.jpg,A climber is attached by ropes to a brown colored rock face 
652,166433861_70b66cd381.jpg,A motorcycle racer leans his bike 
653,166507476_9be5b9852a.jpg,The iguanas wrestled along the rocky water bank 
654,166654939_80ea4ddbcc.jpg,A group of race buggies travel down a racetrack 
655,1670592963_39731a3dac.jpg,A collie runs down a slide 
656,167295035_336f5f5f27.jpg,A climber wearing a white helmet is perched on the side of a rock face 
657,1674612291_7154c5ab61.jpg,A dog is jumping to catch a Frisbee and casts a perfect shadow 
658,1675679141_36c9bc2969.jpg,A jacketed man with his back to the camera is overlooking the water 
659,1676601498_7d59327523.jpg,A male and a female are leaning against railing looking off with the ocean in the background 
660,1679557684_50a206e4a9.jpg,a big black dog jumps in the air to catch the tennis ball in his mouth 
661,1679565118_d36f0d6d52.jpg,A black dog catches a tennis ball in his mouth while a white dog watches 
662,1679617928_a73c1769be.jpg,A basset hound is leashed to the rearview mirror of a yellow and white vehicle 
663,1680126311_b92a2e8e72.jpg,A boy hitting a soccer ball with his chest 
664,1682079482_9a72fa57fa.jpg,A little girl on a kid swing 
665,1683444418_815f660379.jpg,A man in a camouflage tank top standing next to a man in a grey t-shirt with a fountain in the background 
666,1685463722_55843b6d3c.jpg,A woman and her two dogs are walking down the street 
667,1685990174_09c4fb7df8.jpg,A bunch of kids run on a school play field 
668,1688699579_2f72328c7e.jpg,A small dog and a large dog carrying a stick in its mouth run outside 
669,1689658980_0074d81d28.jpg,The two dogs are enjoying a run through the surf 
670,1691573772_1adef8e40e.jpg,A girl in a pink shirt is riding a bicycle in traffic 
671,169490297_b6ff13632a.jpg,"A boy in a blue , yellow , and orange shirt holding his arms out from his sides "
672,170100272_d820db2199.jpg,A child is on a slide 
673,1713248047_d03721456d.jpg,"A brown dog , a black and white dog , and a black dog are all standing in a field "
674,1713248099_d860df4e10.jpg,"A brown dog , a black dog and a black and white dog are in a grassy field "
675,1714316707_8bbaa2a2ba.jpg,A boy in a red jacket smacks a snow covered tree with a stick 
676,171488318_fb26af58e2.jpg,A dog is walking along some dry cracked earth 
677,1716445442_9cf3528342.jpg,A man picking up a big rock 
678,1718184338_5968d88edb.jpg,A couple of people are standing and the person in the red coat is pointing at the body of water 
679,172092461_a9a9762e13.jpg,A man wakeboards in a red vest and smiles for the camera 
680,172092464_d9eb4f4f2f.jpg,A guy waterskiing behind a boat 
681,172097782_f0844ec317.jpg,A man in swim trunks and a red life vest jet skiing 
682,172097783_292c5413d8.jpg,A boy is wakeboarding on a lake with one hand 
683,1721637099_93e9ec2a2f.jpg,A boy laying on clothes 
684,17273391_55cfc7d3d4.jpg,A fisherman fishes at the bank of a foggy river 
685,173020287_230bfc4ffc.jpg,A man gets ready to throw a stick for his waiting dog 
686,1731546544_9fbf14617b.jpg,a black dog jumping through some water 
687,1732217138_aa0199ef87.jpg,The couple eat their meal outside 
688,1732436777_950bcdc9b8.jpg,A couple on the stairs are photographing a man and woman embracing in front of a building 
689,174466741_329a52b2fe.jpg,A girl in a pink tank top and green pants is running through a field of tall flowers 
690,1745110280_0cbff5e273.jpg,A brown dog with a black collar stands next to a bush 
691,1752454466_723790dbd6.jpg,A brown and white dog exiting a yellow and blue ramp in a grassy area 
692,1763020597_d4cc8f0f8a.jpg,people sit against a wall 
693,1764955991_5e53a28c87.jpg,A brown and white dog trotting down the road in autumn 
694,1765164972_92dac06fa9.jpg,"A girl with a nose ring , earring , and Mohawk "
695,1770036088_08abe4f6e9.jpg,A man and a girl in bed 
696,1771490732_0ab5f029ac.jpg,Three boys playing soccer in a field 
697,1772859261_236c09b861.jpg,A black and white dog plays in the water 
698,177302997_5b2d770a0a.jpg,A child holding on to the bar while riding a horse on a carousel ride 
699,1773928579_5664a810dc.jpg,A crowd is watching a dog climb up a staircase 
700,1775029934_e1e96038a8.jpg,An animal with horns jumping in a field 
701,1776981714_5b224d0f7a.jpg,two Asian women walking in front of a green door 
702,1777816180_08d7e8063b.jpg,a boy prepares a jump off a rock 
703,1778020185_1d44c04dae.jpg,A brown dog runs for a white and black dog on the grass 
704,1781227288_6811e734be.jpg,A man in yellow stands in a garbage strewn underpass 
705,1784309115_0ad6791146.jpg,A girl in the bathing suit talking to a guy 
706,1785138090_76a56aaabc.jpg,A female walking wearing a string bikini towards a man in a striped shirt 
707,1786425974_c7c5ad6aa1.jpg,A large dog sniffing a human hand while a small dog is sniffing the large dog 's butt 
708,1787222774_d5c68cce53.jpg,Kids ride outside in red car 
709,179009558_69be522c63.jpg,A black and white dog lies on the ground next to a little girl on a red bicycle in the woods 
710,1794818900_e0ffdd268e.jpg,A girl plays on a red toy 
711,1795151944_d69b82f942.jpg,"A team of dogs , and a woman following on a bike "
712,1797507760_384744fb34.jpg,Four shirtless men are hiking up a canyon 
713,1797554350_20998753c0.jpg,A jogger is being sheltered with an umbrella 
714,1798209205_77dbf525b0.jpg,A blonde haired woman is pouring drinks at a bar 
715,1798215547_ef7ad95be8.jpg,A boy wearing navy blue slides down a gray slide 
716,179829865_095b040377.jpg,A man beginning to waterski wearing a red life jacket 
717,1799188614_b5189728ba.jpg,A boy in a swimsuit walking in the sand towards the water 
718,1799271536_6e69c8f1dc.jpg,A brown and black dog runs down a sandy beach 
719,1800601130_1c0f248d12.jpg,A brown dog is jumping after a tennis ball 
720,180094434_b0f244832d.jpg,A few younger boys play around a fountain 
721,1801063894_60bce29e19.jpg,A girl in a yellow bathing suit from a cliff looks at a person in the water 
722,1801188148_a176954965.jpg,A brown dog is running towards three other dogs 
723,1801663973_5ad393caeb.jpg,A girl laying on the tree with a boy kneeling before her 
724,1801874841_4c12055e2f.jpg,A brown dog is staring closely at a sleeping brown and white dog 
725,1802092493_7b44fdb6b9.jpg,Four young children dressed formally pose for a potrait with the two boys standing in front and the two girls smiling in the back 
726,1803631090_05e07cc159.jpg,A girl in a firefighter 's uniform looks back and says something 
727,180506881_de0f59770f.jpg,The camera focuses on two people 's legs 
728,1805990081_da9cefe3a5.jpg,A boy in a striped shirt walking a small dog on a leash 
729,1806580620_a8fe0fb9f8.jpg,A blonde lady with sunglasses smiles 
730,1807169176_7f5226bf5a.jpg,A group of people sit around a blazing fire at night 
731,1808007704_ee8a93abb4.jpg,A man in a red shirt is jumping from one rock to another larger rocker with two male spotters below him 
732,1808370027_2088394eb4.jpg,A dog swims towards a waterfall 
733,1808504612_3508f3c9bb.jpg,Children climbing huge tree 
734,1809758121_96026913bb.jpg,A blond girl wearing blue jumping across a stream 
735,1809796012_a2dac6c26b.jpg,A black and white dog standing on its hind legs on carpeting in front of a chair 
736,1810651611_35aae644fb.jpg,A closeup of a little girl on a swing 
737,181103691_fb2f956abd.jpg,A group of children play in the street where water is sprayed 
738,181157221_e12410ef0b.jpg,A man and a woman walk their dogs on leashes 
739,1812525037_528465037c.jpg,The Kiss-costumed adults are pushing the strollers of the Kiss-costumed kids 
740,1813266419_08bf66fe98.jpg,A child in a striped shirt gleefully plays among some water fountains 
741,1813597483_3f09d2a020.jpg,A dog jumps over a log in the woods 
742,1813777902_07d1d4b00c.jpg,a boy dressed as a pirate smiles largley 
743,1814086703_33390d5fc7.jpg,A dog looks behind itself 
744,181415975_2627aa6668.jpg,A blonde man is wakeboarding and is jumping into the air 
745,1814391289_83a1eb71d3.jpg,A boy dressed as Spiderman ringing a door bell 
746,181777261_84c48b31cb.jpg,A beach crowded with beachgoers 
747,1818403842_553a2a392c.jpg,black dogs jump in pool to a hand 
748,1819261140_6c022f4b1d.jpg,A costumed diner sits in a restaurant wearing a black outfit that covers their face 
749,1821238649_2fda79d6d7.jpg,A girl dressed as a devil stands in front of a lighted object on a city street 
750,182493240_40410254b0.jpg,Two men raise their arms atop a snowy mountain 
751,1827560917_c8d3c5627f.jpg,A dog with a few leashes and a vest on pulls at something with its mouth 
752,1835511273_790eaae6e6.jpg,A man dressed in a red outfit 
753,1836335410_de8313a64e.jpg,A man dressed in brown holding a light saber 
754,1837976956_3c45d0f9b8.jpg,A girl in a polka dot dress singing into a microphone 
755,185057637_e8ada37343.jpg,A group of five people stand outdoors 
756,1858963639_4588cd4be9.jpg,A girl with a red helmet carying a lot of rope 
757,185972340_781d60ccfd.jpg,A man drives a green jeep over a few jagged rocks 
758,1859726819_9a793b3b44.jpg,An upset woman with her makeup streaming down her face from her tears 
759,1859941832_7faf6e5fa9.jpg,A dog catches a Frisbee as it jumps on the grass 
760,1860543210_47e94cf652.jpg,A guy in gray is walking across the street at night 
761,186346360_541047336f.jpg,A girl in a bikini top and shorts poses for a picture on a mountain overlooking a lake 
762,186348874_75b2cf1ec5.jpg,A group of bicyclists riding down a path in an off road race 
763,1865794069_6e3a1e57bb.jpg,A blond boy with a navy blue uniform kicks a soccer ball in an open field 
764,186890601_8a6b0f1769.jpg,A man in a maroon bathing suit swings on a rope on a lake 
765,186890605_ddff5b694e.jpg,A guy in swimming trunks flying on a rope swing above a lake 
766,1874617189_e85d3f4326.jpg,The three people are squatting by the water 
767,1876536922_8fdf8d7028.jpg,Two dogs are running through water carrying a rope and red float in their mouths 
768,1881494074_1bebd93089.jpg,"A baby with a pink hat , held by a man in red and a woman in pink "
769,1884065356_c6c34b4568.jpg,A black dog in the water 
770,1884727806_d84f209868.jpg,A man and a woman wear mickey mouse ears at an event 
771,1895768965_43cd9d164f.jpg,A black and white dog runs in some leaves 
772,1897025969_0c41688fa6.jpg,A black dog and a tan dog fighting 
773,189721896_1ffe76d89e.jpg,"A man rock climbs up a very tall cliff , with a blue rope behind him "
774,189740668_0b045f1ff2.jpg,A boy does a cartwheel on a rock cliff 
775,1904112245_549e47c8aa.jpg,A dog in the forest 
776,190638179_be9da86589.jpg,A man in a hat stands in front of a gray jeep in dry grass 
777,190965502_0b9ed331d9.jpg,Many of the chairs are empty with only a few people enjoying the sun 
778,191003283_992257f835.jpg,A little blond boy and a young woman in jeans walk through a plaza 
779,191003284_1025b0fb7d.jpg,A man helps a little girl ride a bike 
780,191003285_edd8d0cf58.jpg,A man and a girl sit on the ground and eat 
781,191003287_2915c11d8e.jpg,A father feeding his child on the street 
782,191592626_477ef5e026.jpg,A climber is scaling a mountain cliff 
783,1917203130_fcaff8b10e.jpg,A child at an exhibit 
784,1917265421_aeccf1ca38.jpg,Children participate in a sport involving swine among spectators 
785,1918573100_d31cbb6b77.jpg,A black and white dog balances on a wooden plank 
786,19212715_20476497a3.jpg,a kayaker kayaks through the water 
787,1921398767_771743bf4e.jpg,A dog has a wetsuit in his mouth on the beach 
788,1923476156_e20976b32d.jpg,A fluffy white dog on a leash with its owner riding a bike 
789,1924234308_c9ddcf206d.jpg,A girl in a bikini and sneakers makes her way out of the water and onto the rocks 
790,1925434818_2949a8f6d8.jpg,Several children playing in a ball pit 
791,1926129518_4350f4f552.jpg,"A spotted dog , a black dog , and a puppy converging on a tennis ball "
792,1928319708_ccf1f4ee72.jpg,A man is cycling on the road 
793,1931690777_897a7d8ab6.jpg,Four boys doing a cannonball jump in unison into the pool 
794,1932161768_996eadac87.jpg,a small dog steps onto a log 
795,1932314876_9cc46fd054.jpg,A girl wearing a blue top has her feet in the stream 
796,1936215201_d03a75cbba.jpg,A baby boy plays outside with a blue toy 
797,1937104503_313d22a2d0.jpg,A black and white dog is playing in water 
798,1937262236_cbf5bfa101.jpg,The dogs fight over the red and pink ball 
799,1947351225_288d788983.jpg,A child shows other kids his still packaged toy 
800,195084264_72fb347b0f.jpg,A man in a checked shirt stands next to a large wooden bowl 
801,1952896009_cee8147c90.jpg,A woman carrying a purse and a bag with a baby in a backpack walking down a road 
802,1956678973_223cb1b847.jpg,Children in red shirts play in the leaves 
803,1956944011_c5661d3f22.jpg,A child wearing a white shirt hangs from the playground equipment 
804,1957371533_62bc720bac.jpg,A black and white dog shakes itself to get the water off 
805,195962284_e57178054a.jpg,A boy in a large pool 
806,195962790_3380aea352.jpg,A woman in a purple shirt and a brown puppy sit near a fountain 
807,1962729184_6996e128e7.jpg,A girl kisses her mother goodbye before she waits with the other children to start school 
808,1965278563_8279e408de.jpg,A big brown dog floats in a canoe on the river at sunset 
809,1969573381_5ecfae4c80.jpg,A brown and white animal surrounded by trees 
810,197107117_4b438b1872.jpg,A mountain climber looks down from the summit 
811,197142902_f05ff198c2.jpg,A man and a woman in glasses blow bubbles 
812,197504190_fd1fc3d4b7.jpg,Two boys in a field kicking a soccer ball 
813,1975171469_84e425f61b.jpg,A boy plays a game 
814,1975531316_8b00eeaaf7.jpg,A dog is on a leash held by a woman in white shoes 
815,1977827746_4e13d7e19f.jpg,A young boy and girl sit in a wagon eating corndogs 
816,197924859_f6e39a7dfa.jpg,A man showering in a home outdoor shower facility 
817,1980315248_82dbc34676.jpg,A man does yard work 
818,1980882959_9a161f3469.jpg,A group of people ride bikes while holding onto large trash bags 
819,1982852140_56425fa7a2.jpg,An adult and a child run on the beach 
820,1984936420_3f3102132b.jpg,a boy caches a fish while a girl points at the fish 
821,1989145280_3b54452188.jpg,A blond girl with sunglasses on her head looks squeamish 
822,1991806812_065f747689.jpg,a boxer punches a boxer in the face 
823,1994416869_4dd769a806.jpg,A little girl in only socks and a necklace is being tossed in the air and caught 
824,199463720_329a802206.jpg,A man and woman ride bicycles next to each other 
825,199809190_e3f6bbe2bc.jpg,A group of people jump into a lake in unison 
826,1998255400_0cd086908f.jpg,a dog attempting to drink from an outdoor water faucet 
827,1998457059_c9ac9a1e1a.jpg,a body boarder is being dumped on the beach by a wave whilst other surfers are standing around in the water 
828,1999444757_1b92efb590.jpg,A girl in white is swinging a sword 
829,2000459828_3c9e109106.jpg,A group of people stand in front of a rock formation 
830,2003663004_5b70920a98.jpg,A football player pauses during a game 
831,2004674713_2883e63c67.jpg,A brindle-coated dog is growling at a jumping brown dog with purple collar inside a park enclosure 
832,200771289_31902164a7.jpg,Men wearing sunglasses with their backs turned to the camera 
833,2009636597_e3f4fe19fb.jpg,A guy outside playing a guitar and smoking a cigarette 
834,201682811_105241dee3.jpg,Two men are approaching a gold colored statue of Gandhi 
835,2017276266_566656c59d.jpg,"A dog in midair catching a ring , while another dog watches "
836,2021602343_03023e1fd1.jpg,a boy holds a basketball angerly 
837,2021613437_d99731f986.jpg,A boy dribbles a basketball in the gymnasium 
838,2021671653_567395c7cf.jpg,A boy dressed in denim is running on the sidewalk 
839,2029280005_a19609c81a.jpg,a man in a black shirt is rollerblading past a bench in the city 
840,2030781555_b7ff7be28f.jpg,People are sitting on step along the water and fishing 
841,203114209_e4cd71a6b7.jpg,A girl falling off a yellow and blue water tube 
842,2034553054_b00c166895.jpg,A boy with a blue hat points towards a bowl full of cork 
843,2036407732_d5a0389bba.jpg,A group of 5 people are walking toward the mountains 
844,2038662925_f4fa8c2534.jpg,a couple wearing black vike helmets sitting on a bench together 
845,2039457436_fc30f5e1ce.jpg,a attrative woman climbs over a fence 
846,2040941056_7f5fd50794.jpg,Two brown dogs are fighting and biting each other 
847,2041867793_552819a40b.jpg,A child sitting at a restaurant table holding a paper mask against his face 
848,2042009399_afad34e7c1.jpg,A group of boys play flag football while some bystanders watch 
849,2043427251_83b746da8e.jpg,a man jumping in a mud puddle in the middle of the street 
850,2043520315_4a2c782c90.jpg,A group of hikers led by a black and white dog climbs a hillside trail covered in ferns 
851,2044063458_fcc76a7636.jpg,"Two dachshunds , one black the other brown , run on grass "
852,2045023435_181854c013.jpg,A brown dog playing with a tennis ball 
853,2045109977_b00ec93491.jpg,A man cleaning the inside of a large pane of glass 
854,2045562030_654ddea5e5.jpg,"A group of teenagers , one with pink hair "
855,2045928594_92510c1c2a.jpg,A girl in a red shirt is standing around with her yellow bag and black purse at her side 
856,2046222127_a6f300e202.jpg,A man in a neon-colored vest holding up a section of wood 
857,2046778775_0dd7cac6ab.jpg,A group of children are lined up for a performance on a stage 
858,2049051050_20359a434a.jpg,A girl in a black jacket and hat is covered in a pink blanket 
859,2049646140_d0de01e3c4.jpg,A child doing gymnastics 
860,2050067751_22d2763fd2.jpg,A child in green shoes staring down a drain 
861,2051194177_fbeee211e3.jpg,a big tan dog running threw the shallow water with a stick in his mouth 
862,2052202553_373dad145b.jpg,A brown dog wades into a lake to retrieve a stick 
863,2052702658_da1204f6d1.jpg,a child in a red coat is holding an armful of snow in front of a house 
864,2052953131_30834196fb.jpg,A person in a black and red jacket walking up a snowy mountain 
865,2053006423_6adf69ca67.jpg,A man in shorts is standing on a rock looking out at the view from the hilltop 
866,2053441349_a98b5fc742.jpg,A dog in a field of colorful flowers 
867,2053733930_e245615ad4.jpg,Mountain climbing gear on a mountain 
868,2053777548_108e54c826.jpg,A brown and white dog is catching a tennis ball while standing on its hind legs 
869,2054308369_f9c6ec7815.jpg,A little girl is petting a golden dog 
870,2054869561_ff723e9eab.jpg,A black and white dog chases a pink Frisbee 
871,2055646179_169807fed4.jpg,"A boy holding a hose next to a man while another boy watches on , held by a woman "
872,2056041678_d6b5b39b26.jpg,A lone hiker is sitting on a rock on a snowy mountain trail 
873,2056042552_f59e338533.jpg,A grey dog is jumping toward a black and white dog in the snow 
874,2056377805_e9a9b3bcf0.jpg,A group of friends ride the current in a raft 
875,205682549_713aa6cd88.jpg,A hiker standing on a bluff high in the mountains 
876,2056930414_d2b0f1395a.jpg,A child plays a red toy guitar and sings into multicolored plastic microphone 
877,2057160636_6e9cf3b5f0.jpg,A man paddling in water 
878,2057305043_952b8dc82c.jpg,A paraglider soars near a cliff and over a body of water 
879,2057306459_2f52ce648e.jpg,A person in a field walks toward their white and orange parachute while another holds it 
880,2058091220_2087270068.jpg,a man parachutes into the desert 
881,2058124718_89822bc96e.jpg,Brown dog barks at another brown dog with a stuffed duck in mouth 
882,2058472558_7dd5014abd.jpg,A girl in a flower dress is running on sand 
883,2059616165_b7c99c1009.jpg,A black dog 
884,2059842472_f4fb61ea08.jpg,A baby crawls next to a street against a blue sky 
885,2060031241_a3ae7a06bb.jpg,A baby holds a game control above its head and laughs 
886,206087108_d4557d38ee.jpg,A man has fallen over on the street at night 
887,2061144717_5b3a1864f0.jpg,A man and child stand at the bottom of an outdoor staircase near benches 
888,2061354254_faa5bd294b.jpg,A boy hangs from a t-bar while a man gives him a push 
889,2061397486_53a61e17c5.jpg,A black dog with brown markings wearing a red vest trots down a path 
890,2061927950_dafba5b8a3.jpg,a couple with a young child wrapped in a blanket sitting on a concrete step 
891,2061944672_0383e65c8a.jpg,Adults and children stand and play in front of steps near a wooded area 
892,2062607137_dac194ad02.jpg,a brown and a black dog play in a field 
893,2063277300_f7ff476914.jpg,A little girl in stripped tights lays on the laps of a little girl and boy 
894,2064417101_3b9d817f4a.jpg,A greyhound dog race is happening at the track 
895,2064780645_8f28a1529f.jpg,A group of people standing in front of a setting sun 
896,2064790732_219e52e19c.jpg,A boy without a shirt is running in the street while several people stand behind him 
897,2064792226_97e41d8167.jpg,A girl is taking a picture of a girl and guy on a colorfully decorated pink bike 
898,2065309381_705b774f51.jpg,A man snowboarding down a mountain covered with snow 
899,2065875490_a46b58c12b.jpg,A person is walking on a sidewalk and a skeleton is on the left inside of a fence 
900,2066048248_f53f5ef5e2.jpg,A group of horses and people in front of a snowy mountain 
901,2066241589_b80e9f676c.jpg,A black and brown dog is biting on a stick in the forest 
902,2066271441_1f1f056c01.jpg,A black dog carrying a colorful ball swims 
903,2067362863_59577f9d4d.jpg,A brown dog is jumping up at another dog in front of the man in jeans 
904,2067833088_04e84e5bf2.jpg,A hiker posing for a photo in an arid mountain landscape 
905,2068403258_2669cf9763.jpg,A boy gets flipped into the river by another boy 
906,2068465241_3bcabacfd7.jpg,a little girl in a blue and pink leotard is walking along a beam whilst a person 's hand is stretched out to support her 
907,2068960566_21e85ae0dc.jpg,A barefoot young boy glances at the camera while swinging in a park 
908,2069279767_fb32bfb2de.jpg,The men are climbing 
909,2070798293_6b9405e04d.jpg,A little girl in pajamas is jumping on the couch 
910,2070831281_dc04b3e15d.jpg,A lady in a white hat and sunglasses riding a bicycle 
911,2070831523_5035d5537e.jpg,A blurry picture of a woman riding a bike 
912,2071309418_1d7580b0f0.jpg,A white dog wearing a christmas reindeer headband plays with a brown dog in the grass among some stuffed animals 
913,207237775_fa0a15c6fe.jpg,A man doing a back flip while another takes a picture 
914,2072574835_febf0c5fb9.jpg,Dogs in a race 
915,207275121_ee4dfa0bf2.jpg,A brown dog running in a yard 
916,2073105823_6dacade004.jpg,A man in a black hoodie and jeans skateboards down a railing 
917,2073174497_18b779999c.jpg,A bicyclist dressed in all black in traffic 
918,2073756099_7e02c0110c.jpg,A black dog grabs a bird in its mouth in the pool 
919,2073964624_52da3a0fc4.jpg,A woman in a pink hat and a navy blue coat riding a bicycle 
920,2074146683_7c83167aa1.jpg,A man in a white hat uses money to obscure the face of the baby in his baby carrier 
921,2074244690_82e30ff44b.jpg,A girl who is surrounded by other people is taking a picture at a concert 
922,2074764331_90a9962b52.jpg,A black and tan puppy is biting the ear of a brown dog 
923,2075041394_0b3ea1822d.jpg,A brown dog chasseing a white dog 
924,2075321027_c8fcbaf581.jpg,A man in a beret rides a bicycle down the street 
925,2075493556_b763648389.jpg,Three boys in sports casual clothing are posing in front of a blue building 
926,207584893_63e73c5c28.jpg,A person in a hang-glider 
927,2076428547_738e0a132f.jpg,A backpacker standing near water at dusk 
928,2076865206_53918c820c.jpg,A man casting a fishing pole 
929,2076906555_c20dc082db.jpg,A boy wearing a jean jacket with his hand on his chest smiling at the camera 
930,2077079696_03380d218b.jpg,A hiker makes his way downhill 
931,207731022_988f6afb35.jpg,boats out on the water on a foggyday 
932,2077346067_0a3a5aae65.jpg,A man dressed in black and holding a package in his hands is walking on a sidewalk near a police sign asking for witnesses to a road dealth to step forward 
933,2078311270_f01c9eaf4c.jpg,Two ladies walking on the sidewalk talking to each other 
934,2079110798_ad1370a646.jpg,"A boy sits in the library , reading a book "
935,2079152458_40712c3b40.jpg,A brown and white dog holds a tennis ball in his mouth 
936,207930963_af3a2f1784.jpg,A group of people in protective gear 
937,2079554580_f18d5c181b.jpg,A Dalmatian dog running downhill through leaves in a wooded area 
938,2080033499_6be742f483.jpg,A brown dog is running away from his owner 
939,2081141788_38fa84ce3c.jpg,Three children are jumping into the air into a swimming pool at a resort 
940,2081446176_f97dc76951.jpg,A guy with a scarf and woven toboggan 
941,2081615901_13092cac56.jpg,The backs of two girls dressed identically in black shirts and black and red plants as they climb on a fence 
942,2081679622_6f1442367d.jpg,A boy in grey pajamas is jumping on the couch 
943,2082005167_a0d6a70020.jpg,A black and brown dog is playing on the ice at the edge of a lake 
944,2083434441_a93bc6306b.jpg,an elderly woman is riding a bicycle in the city as a yellow taxi is about to pass by 
945,2083778090_3aecaa11cc.jpg,a man in the snow wearing a furry hat and a black jacket with a red scarf 
946,2084103826_ffd76b1e3e.jpg,A black and white dog is jumping in the grass 
947,2084157130_f288e492e4.jpg,A black and white dog runs beside a brown dog in a green field 
948,2084217208_7bd9bc85e5.jpg,"A person in a blue jacket , wearing a bicycle helmet is riding a bike "
949,2085078076_b9db242d21.jpg,A small boy standing near muddy water with something in his hand while someone beside him washes clothing in buckets 
950,2085255128_61224cc47f.jpg,A boy high in the air above the dirt and water near the red rock cliffs 
951,2085400856_ae09df33a7.jpg,A dog in the snow 
952,2085403342_a17b0654fe.jpg,A child in a bright red jacket runs through a pile of hay 
953,2085557551_7a88d01d4e.jpg,A boy holding kitchen utensils and making a threatening face 
954,2085726719_a57a75dbe5.jpg,Two girls bundled up in winter coats pose for a picture 
955,2086513494_dbbcb583e7.jpg,A girl in a white coat takes pictures 
956,2086532897_b8714f2237.jpg,A kayaker falling down a waterfall 
957,2086534745_1e4ab80078.jpg,A man in a yellow boat paddling down rough waters 
958,2086678529_b3301c2d71.jpg,A girl in a purple dress smiling as she climbs an indoor rock wall 
959,2087317114_cf06df5aa5.jpg,A Mani is kayaking down some calmer rapids 
960,2087640654_1a84577a44.jpg,A blonde dog is digging a deep hole in the ground and its tail is up in the air 
961,2088120475_d6318364f5.jpg,A person dressed up as a snowman is walking through a crowd of people 
962,2088460083_42ee8a595a.jpg,A broken down hummer gets towed on a truck bed 
963,2088532947_c628e44c4a.jpg,The girl in the white shirt has a bracelet on and has her arm around the girl in the peach shirt 
964,2088910854_c6f8d4f5f9.jpg,A large man is wearing a headband with mistletoe attached to it 
965,2089122314_40d5739aef.jpg,A dog running with a newspaper in its mouth 
966,2089350172_dc2cf9fcf6.jpg,"three black dogs are swimming through some murky brown water , one with a yellow object in its mouth "
967,2089426086_7acc98a3a8.jpg,A girl in a hooded jacket presents a cake with candles 
968,2089442007_6fc798548c.jpg,A brown dog is walking in the water 
969,2089539651_9e518ec7de.jpg,A hiker with two hiking poles stands on a hillside with a view of the city below him 
970,2089542487_b4c1ee7025.jpg,A hiker is ready to take on a rugged outdoor trail 
971,2089555297_95cf001fa7.jpg,A man in a hat with long sleeves and long pants stands overlooking a city 
972,2090327868_9f99e2740d.jpg,"A woman , a little boy , and a tiny baby are standing in front of a cow statue "
973,2090339522_d30d2436f9.jpg,A man in a green hat is someplace up high 
974,2090386465_b6ebb7df2c.jpg,A woman and man in winter gear stand 
975,2090387793_274ab4cf7d.jpg,A boy wearing black walks down the street with his hands in fists 
976,2090545563_a4e66ec76b.jpg,the boy laying face down on a skateboard is being pushed along the ground by another boy 
977,2090723611_318031cfa5.jpg,Dogs walking in the grassy field 
978,2090997177_76d482b158.jpg,A black dog bounds across the sand 
979,2091171488_c8512fec76.jpg,A female wearing pink gloves and a brown jacket is smiling in the snow 
980,2092177624_13ab757e8b.jpg,A boy in african clothing runs across a concrete wall 
981,2092419948_eea8001d0f.jpg,A long haired man walking away beside a canal whist holding onto a railing 
982,2092870249_90e3f1855b.jpg,A man lies on a street with his head and shoulders under a parked car that is jacked up 
983,2094323311_27d58b1513.jpg,A dog places his head on a man 's face 
984,2094543127_46d2f1fedf.jpg,A girl holding a crocodile 's mouth closed 
985,2094810449_f8df9dcdf7.jpg,A boy stands in the ocean lifting up his shorts 
986,2095007523_591f255708.jpg,A baby looks through his crib 
987,2095078658_c14ba89bc2.jpg,A dog runs through snow in front of the woods 
988,2095435987_1b7591d214.jpg,A dog lying on its back in the sand 
989,2095444126_201ff9f222.jpg,A dog is shaking off water 
990,2095478050_736c4d2d28.jpg,A man and a boy play music as little girls watch 
991,209605542_ca9cc52e7b.jpg,a climber wearing a red headband is pulling himself up some grey rocks high above some green foliage 
992,2096771662_984441d20d.jpg,a man looks through his binoculars while another man holds a drink 
993,2097398349_ff178b3f1b.jpg,A hiker waves to the camera as he standing in front of snowcapped mountains 
994,2097403787_77a154f5b9.jpg,a lone person standing on some rocks with large snowy mountains in the background 
995,2097407245_c798e0dcaf.jpg,A man in a winter jacket and knit cap stand with his arms up at his side in a snow landscape 
996,2097420505_439f63c863.jpg,A male hiker wearing a green jacket is posing next to a large glacier 
997,2097489021_ca1b9f5c3b.jpg,A girl in a ballet fairy costume is touched by a wand 
998,2098174172_e57d86ea03.jpg,A hiker is posing in front of snowy mountains 
999,2098418613_85a0c9afea.jpg,A brown chow mix dog is standing in front of a van with euro plats in the middle of a messy yard 
